Rank,Country,University,Department,Research Area,URL
2,United States ,Stanford University,Physics,"Atomic, Molecular and Optical Physics",https://physics.stanford.edu/research/atomic-molecular-and-optical-physics
,,,,Biophysics,https://physics.stanford.edu/research/biophysics
,,,,Experimental and Observational Astrophysics and Cosmology,https://physics.stanford.edu/research/experimental-and-observational-astrophysics-and-cosmology
,,,,Experimental Condensed Matter Physics,https://physics.stanford.edu/research/experimental-condensed-matter-physics
,,,,Experimental Particle Physics,https://physics.stanford.edu/research/experimental-particle-physics
,,,,Physics and Science Education Research,https://physics.stanford.edu/research/physics-and-science-education-research
,,,,Theoretical Astrophysics and Cosmology,https://physics.stanford.edu/research/theoretical-astrophysics-and-cosmology
,,,,Stanford Institute for Theoretical Physics,https://physics.stanford.edu/research/stanford-institute-theoretical-physics
3,United States ,Harvard University,Physics ,Astrophysics & Astronomy,https://www.physics.harvard.edu/facresearch
,,,,"Experimental Atomic, Molecular, and Optical Physics",https://www.physics.harvard.edu/facresearch
,,,,"Theoretical Atomic, Molecular, and Optical Physics",https://www.physics.harvard.edu/facresearch
,,,,Biophysics,https://www.physics.harvard.edu/facresearch
,,,,Computational Physics,https://www.physics.harvard.edu/facresearch
,,,,Experimental Condensed Matter Physics,https://www.physics.harvard.edu/facresearch
,,,,Theoretical Condensed Matter Physics,https://www.physics.harvard.edu/facresearch
,,,,Experimental High Energy Physics,https://www.physics.harvard.edu/facresearch
,,,,Theoretical High Energy Physics/String Theory,https://www.physics.harvard.edu/facresearch
,,,,History of Physics,https://www.physics.harvard.edu/facresearch
,,,,Mathematical Physics,https://www.physics.harvard.edu/facresearch
4,United States ,University of Cambridge,Physics ,Astrophysics,https://www.phy.cam.ac.uk/directory/research-groups/ap
,,,,"Surfaces, Microstructure and Fracture",https://www.phy.cam.ac.uk/directory/research-groups/smf
,,,,Theory of Condensed Matter,https://www.phy.cam.ac.uk/directory/research-groups/tcm
,,,,Thin Film Magnetism,https://www.phy.cam.ac.uk/directory/research-groups/tfm
,,,,NanoPhotonics,https://www.phy.cam.ac.uk/directory/research-groups/np
,,,,Biological and Soft Systems,https://www.phy.cam.ac.uk/research/research-groups/bss
,,,,High Energy Physics,https://www.phy.cam.ac.uk/directory/research-groups/hep
,,,,"Atomic, Mesoscopic and Optical Physics",https://www.phy.cam.ac.uk/research/research-groups/amop
,,,,Scientific Computing,https://www.phy.cam.ac.uk/directory/research-groups/lsc
,,,,Quantum Sensors,https://www.phy.cam.ac.uk/directory/research-groups/qs
,,,,Quantum Matter,https://www.phy.cam.ac.uk/directory/research-groups/qm
,,,,Molecular Engineering,https://www.phy.cam.ac.uk/directory/research-groups/mole
,,,,Microelectronics,https://www.phy.cam.ac.uk/directory/research-groups/me
,,,,Semiconductor Physics,https://www.phy.cam.ac.uk/directory/research-groups/sp
,,,,Optoelectronics,https://www.phy.cam.ac.uk/research/research-groups/oe
